NIC,name,place,fair,distance,vehicle,type
4250156760839,george,johar,13,43,2010 Bentley Continental Supersports,Automatic transmission
4250156760840,raza,habib university,16,32,2012 Bentley Continental Supersports Coupe,Automatic transmission
4250156760841,saima,dha,20,28,2009 Audi A4 Sedan,Automatic transmission
4250156760842,safi,times square,14,48,2012 Chevrolet Express,Automatic transmission
4250156760843,maxwell,stanford university,14,23,2010 Volvo C30,Automatic transmission
4250156760844,albert,times square,11,25,2011 Bentley Continental Flying Spur,Automatic transmission
4250156760845,karen,dha,5,42,2010 Volvo C70,Manual transmission
4250156760846,hilbert,malir,10,24,2010 Volvo XC90,Manual transmission
4250156760847,abbas,habib university,14,30,2012 Bentley Continental Flying Spur,Manual transmission
4250156760848,chris,stanford university,5,36,2010 Bentley Continental Flying Spur,Manual transmission
4250156760849,jessica,habib university,20,45,2012 Bentley Continental Supersports Convertible,Manual transmission
4250156760850,laplace,johar,10,46,2010 Volvo XC60,Automatic transmission
4250156760851,newton,johar,10,28,2010 Volvo V50,Automatic transmission
4250156760852,corton,liyyari,8,27,2010 BMW X6,Manual transmission
4250156760853,david,gulshan,16,49,2010 Chevrolet Colorado,Manual transmission
4250156760854,nother,dha,12,47,2011 Chevrolet Silverado 1500,Automatic transmission
